Epoch,1
Training data : ,loss,1.1011094404856363,accuracy,0.3443333333333333
Val data : ,loss,1.1003355611165364,accuracy,0.3456666666666667
test data : ,loss,1.457163803100586,accuracy,0.46166666666666667
Epoch,2
Training data : ,loss,1.0991292088826496,accuracy,0.3575833333333333
Val data : ,loss,1.100807846069336,accuracy,0.3443333333333333
test data : ,loss,1.853053860982259,accuracy,0.44066666666666665
