Epoch,1
Training data : ,loss,1.1010318749745687,accuracy,0.34191666666666665
Val data : ,loss,1.1004281158447267,accuracy,0.349
test data : ,loss,1.7209067891438803,accuracy,0.37333333333333335
Epoch,2
Training data : ,loss,1.100439791361491,accuracy,0.35183333333333333
Val data : ,loss,1.1003046696980794,accuracy,0.35833333333333334
test data : ,loss,1.9200731658935546,accuracy,0.372
